{"cameraMode":{"drawMode":0,"name":"Shaded","section":"Shading Mode"},"sceneLighting":false,"audioPlay":false,"sceneViewState":{"m_AlwaysRefresh":false,"showFog":true,"showSkybox":false,"showFlares":true,"showImageEffects":true,"showParticleSystems":true,"showVisualEffectGraphs":true,"m_FxEnabled":true},"in2DMode":false,"pivot":{"x":0.15960931777954102,"y":1.5678156614303589,"z":0.9289703369140625},"rotation":{"x":0.0008328539552167058,"y":-0.9927195906639099,"z":0.12202325463294983,"w":0.0030097749549895527},"size":0.90739506483078,"orthographic":false}