{"cameraMode":{"drawMode":0,"name":"Shaded","section":"Shading Mode"},"sceneLighting":true,"audioPlay":false,"sceneViewState":{"m_AlwaysRefresh":false,"showFog":true,"showSkybox":true,"showFlares":true,"showImageEffects":true,"showParticleSystems":true,"showVisualEffectGraphs":true,"m_FxEnabled":true},"in2DMode":false,"pivot":{"x":0.12076471745967865,"y":3.3157827854156496,"z":-4.787951469421387},"rotation":{"x":0.10558978468179703,"y":-0.8158605694770813,"z":0.15640483796596528,"w":0.5469940900802612},"size":0.8660253882408142,"orthographic":false}