{"cameraMode":{"drawMode":0,"name":"Shaded","section":"Shading Mode"},"sceneLighting":true,"audioPlay":false,"sceneViewState":{"m_AlwaysRefresh":false,"showFog":true,"showSkybox":true,"showFlares":true,"showImageEffects":true,"showParticleSystems":true,"showVisualEffectGraphs":true,"m_FxEnabled":true},"in2DMode":false,"pivot":{"x":0.9449119567871094,"y":1.4155819416046143,"z":-19.41348648071289},"rotation":{"x":-0.11341952532529831,"y":0.6881664395332336,"z":-0.11020931601524353,"w":-0.7081341743469238},"size":1.7660253047943116,"orthographic":false}